{"cameraMode":{"drawMode":0,"name":"Shaded","section":"Shading Mode"},"sceneLighting":true,"audioPlay":false,"sceneViewState":{"showFog":false,"showMaterialUpdate":false,"showSkybox":false,"showFlares":false,"showImageEffects":false,"showParticleSystems":false},"in2DMode":false,"pivot":{"x":-43.072235107421878,"y":-14.653526306152344,"z":-196.40567016601563},"rotation":{"x":-0.2618635892868042,"y":0.5705288052558899,"z":-0.19849160313606263,"w":-0.7526819109916687},"size":195.89662170410157,"orthographic":false}