{"cameraMode":{"drawMode":0,"name":"Shaded","section":"Shading Mode"},"sceneLighting":false,"audioPlay":false,"sceneViewState":{"showFog":true,"showMaterialUpdate":true,"showSkybox":false,"showFlares":true,"showImageEffects":true,"showParticleSystems":true},"in2DMode":false,"pivot":{"x":-12.799775123596192,"y":6.934177398681641,"z":16.154449462890626},"rotation":{"x":-0.2261887937784195,"y":0.7224506139755249,"z":-0.2759067714214325,"w":-0.5922662019729614},"size":127.31683349609375,"orthographic":false}