{"cameraMode":{"drawMode":0,"name":"Shaded","section":"Shading Mode"},"sceneLighting":false,"audioPlay":false,"sceneViewState":{"showFog":true,"showMaterialUpdate":true,"showSkybox":false,"showFlares":true,"showImageEffects":true,"showParticleSystems":true},"in2DMode":false,"pivot":{"x":9.245658874511719,"y":0.8556747436523438,"z":-66.35474395751953},"rotation":{"x":-0.2261887937784195,"y":0.7224506139755249,"z":-0.2759067714214325,"w":-0.5922662019729614},"size":167.8284454345703,"orthographic":false}