{"cameraMode":{"drawMode":0,"name":"Shaded","section":"Shading Mode"},"sceneLighting":true,"audioPlay":false,"sceneViewState":{"showFog":true,"showMaterialUpdate":false,"showSkybox":true,"showFlares":true,"showImageEffects":true,"showParticleSystems":true},"in2DMode":false,"pivot":{"x":-138.4771728515625,"y":93.016357421875,"z":-145.66500854492188},"rotation":{"x":-0.15792536735534669,"y":0.6851133108139038,"z":-0.1559475064277649,"w":-0.6938018202781677},"size":712.190185546875,"orthographic":false}